"Year","month","State","Ag_District","prediction_mean","prediction_lower_95","prediction_upper_95"
2017,2,"ILLINOIS","CENTRAL",160.21187903427,116.602043035978,201.171633927103
2017,2,"ILLINOIS","EAST",147.109155424678,103.940909008452,186.813704860931
2017,2,"ILLINOIS","EAST SOUTHEAST",123.749968453539,69.8654793732878,169.559266480544
2017,2,"ILLINOIS","NORTHEAST",150.039170196916,103.636509172365,198.149281978275
2017,2,"ILLINOIS","NORTHWEST",164.56355983825,125.629830671236,205.75609247363
2017,2,"ILLINOIS","SOUTHEAST",106.165188109465,60.6070524683172,151.117276870361
2017,2,"ILLINOIS","SOUTHWEST",106.13489972871,58.7593658735252,152.019439923308
2017,2,"ILLINOIS","WEST",143.159488699764,96.9351293043539,185.102107411027
2017,2,"ILLINOIS","WEST SOUTHWEST",141.959271856639,99.6234347493048,188.246046288023
2017,2,"IOWA","CENTRAL",157.39427569082,116.388059360529,195.72539903508
2017,2,"IOWA","EAST CENTRAL",161.451537562817,119.68657834934,199.613299981046
2017,2,"IOWA","NORTH CENTRAL",184.93733300283,147.776369619092,227.171641546264
2017,2,"IOWA","NORTHEAST",187.596975112821,142.458807308938,229.727981325721
2017,2,"IOWA","NORTHWEST",188.103355480976,145.23712222976,235.317713292735
2017,2,"IOWA","SOUTH CENTRAL",146.664504210251,102.078009913479,190.435126003657
2017,2,"IOWA","SOUTHEAST",159.020180062546,111.709781313099,200.408967487274
2017,2,"IOWA","SOUTHWEST",148.3667775972,105.931337927067,189.508845073006
2017,2,"IOWA","WEST CENTRAL",163.39617114876,119.598079627404,209.892312291503
2017,2,"KANSAS","CENTRAL",129.677837762333,83.5143386482235,173.030866923624
2017,2,"KANSAS","EAST CENTRAL",105.124036358891,64.2888444844075,149.134135614559
2017,2,"KANSAS","NORTH CENTRAL",142.716351032437,94.633575908751,186.100488766011
2017,2,"KANSAS","NORTHEAST",113.543614377313,68.1014370480201,162.505719298614
2017,2,"KANSAS","NORTHWEST",114.372824514102,71.9574957380725,156.506425715765
2017,2,"KANSAS","SOUTH CENTRAL",137.953446307497,96.8843076525097,180.064558835316
2017,2,"KANSAS","SOUTHEAST",115.014523258526,73.8638382725265,157.096853886528
2017,2,"KANSAS","SOUTHWEST",171.937519359978,131.223040210353,212.939383398693
2017,2,"KANSAS","WEST CENTRAL",115.996291543153,74.8687950495003,154.217430423426
2017,2,"MARYLAND","LOWER EASTERN SHORE",111.693745913187,65.2454480960556,152.570354590763
2017,2,"MARYLAND","NORTH CENTRAL",117.815871152635,77.0554681913123,159.457986914322
2017,2,"MARYLAND","UPPER EASTERN SHORE",113.449365448604,66.6519601922224,158.556318312329
2017,2,"MARYLAND","WESTERN",89.7351065397547,47.26319581462,135.975758712091
2017,2,"MICHIGAN","CENTRAL",153.795034533141,113.04264149634,194.974151358493
2017,2,"MICHIGAN","EAST CENTRAL",149.366574810611,111.47112833079,186.968232371049
2017,2,"MICHIGAN","NORTHEAST",135.406041428839,94.0887688671574,176.966977757638
2017,2,"MICHIGAN","NORTHWEST",133.390617567334,96.3789218955954,175.292457719549
2017,2,"MICHIGAN","SOUTH CENTRAL",136.52521595108,93.631307496308,182.29943861312
2017,2,"MICHIGAN","SOUTHEAST",131.3452949786,91.3574641457829,170.586266756954
2017,2,"MICHIGAN","SOUTHWEST",127.507252111274,83.5666497553164,169.046266366698
2017,2,"MICHIGAN","WEST CENTRAL",133.9199258921,94.0294194772338,173.467507199514
2017,2,"MINNESOTA","CENTRAL",165.168378856034,115.955476838657,210.322594409456
2017,2,"MINNESOTA","EAST CENTRAL",139.985514442756,98.2836880367487,185.615741859452
2017,2,"MINNESOTA","NORTHWEST",136.106644100116,95.787310034303,177.983521180395
2017,2,"MINNESOTA","SOUTH CENTRAL",189.464781152385,149.267136796358,231.446299340642
2017,2,"MINNESOTA","SOUTHEAST",185.815858301322,145.183615461355,223.238144677646
2017,2,"MINNESOTA","SOUTHWEST",173.892030728635,134.062620343318,218.712067012264
2017,2,"MINNESOTA","WEST CENTRAL",158.458553376281,117.398020897413,197.672286343447
2017,2,"NEBRASKA","CENTRAL",169.329812164811,124.353280502329,206.045974951961
2017,2,"NEBRASKA","EAST",151.753838957393,111.215966852025,190.255789243624
2017,2,"NEBRASKA","NORTH",184.449068652578,135.221105266617,227.879449270606
2017,2,"NEBRASKA","NORTHEAST",159.156065914828,120.118033599541,201.353636388829
2017,2,"NEBRASKA","NORTHWEST",137.051777109512,95.4680897473647,178.784583394665
2017,2,"NEBRASKA","SOUTH",170.525980995538,126.902055433436,212.535509316772
2017,2,"NEBRASKA","SOUTHEAST",156.807065201055,106.130689426902,206.07645998897
2017,2,"NEBRASKA","SOUTHWEST",148.664776433289,110.273453828637,186.848822351454
2017,2,"OHIO","CENTRAL",124.918200555627,78.6965229979834,173.095070983291
2017,2,"OHIO","EAST CENTRAL",110.70625574468,69.1082325026691,153.456509893132
2017,2,"OHIO","NORTH CENTRAL",126.457302483546,85.6582456534019,166.524641473547
2017,2,"OHIO","NORTHEAST",126.451587951677,84.1154904155417,168.273675553181
2017,2,"OHIO","NORTHWEST",126.749505224989,84.3725638570847,168.139984618746
2017,2,"OHIO","SOUTH CENTRAL",103.317211214077,65.813811553712,142.085630971795
2017,2,"OHIO","SOUTHEAST",101.153598581469,58.6695437904637,142.696621936676
2017,2,"OHIO","SOUTHWEST",124.464546527379,73.1791668586618,170.316495836066
2017,2,"OHIO","WEST CENTRAL",125.325625268468,78.1614574964839,169.322162519531
2017,2,"SOUTH DAKOTA","CENTRAL",104.273579945651,64.310730271095,148.982483225008
2017,2,"SOUTH DAKOTA","EAST CENTRAL",149.010546257374,105.072521709846,195.894427180884
2017,2,"SOUTH DAKOTA","NORTH CENTRAL",118.049332727505,75.1741413002395,160.831545234772
2017,2,"SOUTH DAKOTA","NORTHEAST",130.635485821406,92.3896281504826,170.436961254288
2017,2,"SOUTH DAKOTA","NORTHWEST",75.65976212936,33.0915270950241,120.641922878156
2017,2,"SOUTH DAKOTA","SOUTH CENTRAL",75.0722889374322,36.7186619786973,116.712674197218
2017,2,"SOUTH DAKOTA","SOUTHEAST",138.132166445695,97.4008950051402,179.645057972703
2017,2,"WISCONSIN","CENTRAL",159.340569034394,117.138528849725,199.934870908497
2017,2,"WISCONSIN","EAST CENTRAL",159.916168694616,109.583836185993,214.108116919085
2017,2,"WISCONSIN","NORTH CENTRAL",143.978280887996,108.94923318765,181.823080404627
2017,2,"WISCONSIN","NORTHEAST",150.009366763071,112.808046803395,186.810112249542
2017,2,"WISCONSIN","NORTHWEST",135.549305599843,95.9886821529324,175.37064935421
2017,2,"WISCONSIN","SOUTH CENTRAL",151.143219695985,106.966800584908,194.386818084783
2017,2,"WISCONSIN","SOUTHEAST",138.639594401012,96.4692369506781,177.291357602648
2017,2,"WISCONSIN","SOUTHWEST",156.774283358604,112.304197222246,197.410231694166
2017,2,"WISCONSIN","WEST CENTRAL",160.420134806511,121.040160946507,200.762193930439
2018,2,"IOWA","CENTRAL",185.040590273746,146.59185516093,222.963196672007
2018,2,"IOWA","EAST CENTRAL",173.113243578932,134.122235471499,208.622407488532
2018,2,"IOWA","NORTH CENTRAL",182.201630743329,141.186492154857,224.08187043654
2018,2,"IOWA","NORTHEAST",170.751466163893,132.054200435173,208.052249092417
2018,2,"IOWA","NORTHWEST",188.565741423102,150.917518631545,227.302715434479
2018,2,"IOWA","SOUTH CENTRAL",148.609010455669,109.780491660214,188.408161760496
2018,2,"IOWA","SOUTHEAST",158.865609831094,119.966092057759,198.942863545247
2018,2,"IOWA","SOUTHWEST",165.952569583484,124.153903988857,208.222012873518
2018,2,"IOWA","WEST CENTRAL",178.259663134628,140.871412593161,214.826883437368
2017,3,"ILLINOIS","CENTRAL",181.4543094398,141.136938906319,217.548655756465
2017,3,"ILLINOIS","EAST",166.930182181985,136.127351698002,202.294213834969
2017,3,"ILLINOIS","EAST SOUTHEAST",151.607797939244,116.613801364769,187.39084098329
2017,3,"ILLINOIS","NORTHEAST",171.766750308661,131.256431212119,208.249586964267
2017,3,"ILLINOIS","NORTHWEST",172.597899686534,138.609919484272,208.229210260782
2017,3,"ILLINOIS","SOUTHEAST",135.70906204235,102.508481378766,170.249506073083
2017,3,"ILLINOIS","SOUTHWEST",136.416058214885,103.310736761546,168.675612766882
2017,3,"ILLINOIS","WEST",185.768438042715,148.187996011929,220.218933740109
2017,3,"ILLINOIS","WEST SOUTHWEST",172.022730725536,134.941156124735,206.736768093156
2017,3,"IOWA","CENTRAL",170.484328299355,135.977557294643,202.543186883737
2017,3,"IOWA","EAST CENTRAL",177.452941679064,139.16983401286,212.617347815941
2017,3,"IOWA","NORTH CENTRAL",198.546239788731,166.209135522863,229.804351315166
2017,3,"IOWA","NORTHEAST",172.967610855173,136.358315511875,212.786223864616
2017,3,"IOWA","NORTHWEST",205.437576889969,167.405980532061,238.424939101141
2017,3,"IOWA","SOUTH CENTRAL",152.452846914881,116.552667603,194.299348669424
2017,3,"IOWA","SOUTHEAST",171.534582586786,135.138398256294,216.769748067965
2017,3,"IOWA","SOUTHWEST",171.050588226691,135.675763093389,206.06761969067
2017,3,"IOWA","WEST CENTRAL",168.695371318753,130.900040936567,202.437763961739
2017,3,"KANSAS","CENTRAL",129.165814255279,94.9528922804679,162.128738838093
2017,3,"KANSAS","EAST CENTRAL",112.862565447217,75.586356832715,149.738347218488
2017,3,"KANSAS","NORTH CENTRAL",152.814198033245,115.778859323919,188.024042814581
2017,3,"KANSAS","NORTHEAST",132.799829569562,98.349121567052,169.952306188842
2017,3,"KANSAS","NORTHWEST",120.276100151298,83.9031761913588,159.79822899254
2017,3,"KANSAS","SOUTH CENTRAL",159.565433959812,122.807077630919,197.43640525148
2017,3,"KANSAS","SOUTHEAST",110.763922232529,76.8746247775959,147.633804719394
2017,3,"KANSAS","SOUTHWEST",181.833128850723,147.419486385558,215.325189820936
2017,3,"KANSAS","WEST CENTRAL",134.931808752048,98.4891853011548,169.912992947063
2017,3,"MARYLAND","LOWER EASTERN SHORE",134.949061421333,95.0164565222761,170.627911287066
2017,3,"MARYLAND","NORTH CENTRAL",146.081907730238,109.320157916809,182.712416332168
2017,3,"MARYLAND","UPPER EASTERN SHORE",142.729548382426,106.027584939505,179.720958558243
2017,3,"MARYLAND","WESTERN",118.329878926822,85.7657736081989,154.619938812709
2017,3,"MICHIGAN","CENTRAL",147.043598491012,108.149202030329,187.242246210882
2017,3,"MICHIGAN","EAST CENTRAL",151.995645253852,117.363211385497,194.402290890948
2017,3,"MICHIGAN","NORTHEAST",126.765321477864,84.2144434061557,167.82181858487
2017,3,"MICHIGAN","NORTHWEST",122.249738177302,82.0047909826997,162.99570079356
2017,3,"MICHIGAN","SOUTH CENTRAL",149.139976358682,115.824031333479,183.729156803209
2017,3,"MICHIGAN","SOUTHEAST",151.323929267287,118.685697104036,185.461855524889
2017,3,"MICHIGAN","SOUTHWEST",145.94673457495,112.096937751424,178.762552790794
2017,3,"MICHIGAN","WEST CENTRAL",131.108341236085,89.4133786363494,173.080641226131
2017,3,"MINNESOTA","CENTRAL",177.353272808796,137.560548028961,211.533624021491
2017,3,"MINNESOTA","EAST CENTRAL",150.756204703182,113.528610109095,186.487526845232
2017,3,"MINNESOTA","NORTHWEST",145.744452629643,110.460216929704,176.728410214842
2017,3,"MINNESOTA","SOUTH CENTRAL",207.956460527807,173.256972215165,241.271056714583
2017,3,"MINNESOTA","SOUTHEAST",193.342053309415,158.420550864245,229.872943503822
2017,3,"MINNESOTA","SOUTHWEST",196.931411540068,158.066708031144,236.717411024337
2017,3,"MINNESOTA","WEST CENTRAL",183.641651941307,143.409771615168,225.457049047677
2017,3,"NEBRASKA","CENTRAL",184.588104602554,152.175307178769,222.847546371748
2017,3,"NEBRASKA","EAST",171.639814219813,133.964800754901,210.874734251597
2017,3,"NEBRASKA","NORTH",180.042106420073,138.776499370542,222.197672250307
2017,3,"NEBRASKA","NORTHEAST",164.368101515862,129.64182617858,200.458604402478
2017,3,"NEBRASKA","NORTHWEST",164.385168003346,132.449965705967,197.685632937235
2017,3,"NEBRASKA","SOUTH",201.777451170559,165.569915939627,234.628180004622
2017,3,"NEBRASKA","SOUTHEAST",154.89079754537,116.837121714287,191.143320609532
2017,3,"NEBRASKA","SOUTHWEST",165.851954978289,132.776710746422,197.764977423945
2017,3,"OHIO","CENTRAL",137.756453856938,103.894302355993,168.075313078778
2017,3,"OHIO","EAST CENTRAL",123.783008482976,89.1526120163283,156.918069439619
2017,3,"OHIO","NORTH CENTRAL",148.721464264066,113.300979423875,184.194173784937
2017,3,"OHIO","NORTHEAST",140.253265778735,103.690544718609,177.387270256022
2017,3,"OHIO","NORTHWEST",142.309770339795,109.453079695318,176.263447309723
2017,3,"OHIO","SOUTH CENTRAL",129.922620924638,97.7786842466384,164.461702799939
2017,3,"OHIO","SOUTHEAST",122.979190088708,86.5616875440645,159.539776429031
2017,3,"OHIO","SOUTHWEST",138.301608743878,103.651751674675,176.367198498269
2017,3,"OHIO","WEST CENTRAL",140.479876754401,107.579602386995,174.354700966234
2017,3,"SOUTH DAKOTA","CENTRAL",126.483413521874,85.6575223317151,165.215105515596
2017,3,"SOUTH DAKOTA","EAST CENTRAL",161.983215864274,124.529178536939,199.396812188655
2017,3,"SOUTH DAKOTA","NORTH CENTRAL",129.557120116687,94.5216283341377,165.382140534107
2017,3,"SOUTH DAKOTA","NORTHEAST",149.888542490247,109.443252841549,187.920034575818
2017,3,"SOUTH DAKOTA","NORTHWEST",80.5232719807408,39.6098557468929,116.740938980425
2017,3,"SOUTH DAKOTA","SOUTH CENTRAL",101.318779353612,67.1681528294558,134.431906813463
2017,3,"SOUTH DAKOTA","SOUTHEAST",159.166670476279,123.492962212175,195.129740263943
2017,3,"WISCONSIN","CENTRAL",150.901301410517,118.919095843232,185.830525090738
2017,3,"WISCONSIN","EAST CENTRAL",150.56056732602,109.198115514626,191.356614213988
2017,3,"WISCONSIN","NORTH CENTRAL",137.2841850267,104.736209550669,169.835294998024
2017,3,"WISCONSIN","NORTHEAST",137.839193321179,103.867986887318,174.297778946625
2017,3,"WISCONSIN","NORTHWEST",139.062199733497,104.398230168879,175.573168654363
2017,3,"WISCONSIN","SOUTH CENTRAL",157.567011688827,118.703769358536,199.47533031942
2017,3,"WISCONSIN","SOUTHEAST",142.068470637476,105.95537167507,176.891584896469
2017,3,"WISCONSIN","SOUTHWEST",146.897799386198,107.975745016709,192.19338579817
2017,3,"WISCONSIN","WEST CENTRAL",153.455850623636,116.296241122077,190.093613907241
2018,3,"IOWA","CENTRAL",180.292746324355,144.237438204051,214.024075845667
2018,3,"IOWA","EAST CENTRAL",161.473356117583,130.861563413143,193.211152215853
2018,3,"IOWA","NORTH CENTRAL",165.969820890641,132.149268271139,198.721694299375
2018,3,"IOWA","NORTHEAST",172.772490783765,142.774629255586,203.545708934587
2018,3,"IOWA","NORTHWEST",166.76469298334,130.836739149633,200.880366686247
2018,3,"IOWA","SOUTH CENTRAL",145.984527400782,107.558519731436,179.061165634521
2018,3,"IOWA","SOUTHEAST",154.017024943848,119.073402245063,188.935637477508
2018,3,"IOWA","SOUTHWEST",160.783729086102,124.610067391724,199.597291153305
2018,3,"IOWA","WEST CENTRAL",174.811936798098,144.285607697921,205.209904933517
2017,4,"ILLINOIS","CENTRAL",167.286303338471,134.155569024847,202.86914435499
2017,4,"ILLINOIS","EAST",155.994763117949,124.644056775064,185.255573148319
2017,4,"ILLINOIS","EAST SOUTHEAST",163.008656146507,131.525974377047,195.056722694345
2017,4,"ILLINOIS","NORTHEAST",157.244302412777,124.425029358211,193.269519741535
2017,4,"ILLINOIS","NORTHWEST",191.51701856892,160.29856604466,223.565420905279
2017,4,"ILLINOIS","SOUTHEAST",138.342558704327,102.93216507448,174.192519835009
2017,4,"ILLINOIS","SOUTHWEST",126.865865394664,93.6336833903175,158.479214341999
2017,4,"ILLINOIS","WEST",175.574089693119,140.194302932328,208.012871123299
2017,4,"ILLINOIS","WEST SOUTHWEST",176.297852424544,144.349734910081,207.944440731612
2017,4,"IOWA","CENTRAL",166.785014736999,133.124103453253,197.913272893256
2017,4,"IOWA","EAST CENTRAL",173.19706815188,141.554309647701,206.424712799773
2017,4,"IOWA","NORTH CENTRAL",196.844936714716,160.937521627073,229.455894626797
2017,4,"IOWA","NORTHEAST",181.926010699922,146.499931897611,215.419964874813
2017,4,"IOWA","NORTHWEST",200.26272640946,165.300788296899,231.572699859336
2017,4,"IOWA","SOUTH CENTRAL",166.139764771503,132.435184018535,199.015255573833
2017,4,"IOWA","SOUTHEAST",179.125759760691,144.798634274759,212.616400517828
2017,4,"IOWA","SOUTHWEST",192.706735232396,161.325586208601,222.570088944711
2017,4,"IOWA","WEST CENTRAL",162.440666526099,128.516620227019,195.125580471391
2017,4,"KANSAS","CENTRAL",141.466211388006,111.368811379857,175.804376101907
2017,4,"KANSAS","EAST CENTRAL",96.1427451134973,63.5110036348313,131.350557692677
2017,4,"KANSAS","NORTH CENTRAL",148.635656650985,116.081649732448,178.945092765214
2017,4,"KANSAS","NORTHEAST",122.546558476433,90.8290905644613,156.943028553715
2017,4,"KANSAS","NORTHWEST",120.893571510793,90.4728964041536,151.063466850118
2017,4,"KANSAS","SOUTH CENTRAL",161.984067000896,129.135750489753,195.802999976497
2017,4,"KANSAS","SOUTHEAST",114.934555137284,83.0801704151437,145.035994669907
2017,4,"KANSAS","SOUTHWEST",160.207749246793,124.306223174563,196.629745768837
2017,4,"KANSAS","WEST CENTRAL",114.73857206797,82.9086953108398,145.652770698127
2017,4,"MARYLAND","LOWER EASTERN SHORE",99.7000220292016,63.8440607029976,136.88317692185
2017,4,"MARYLAND","NORTH CENTRAL",137.600754103237,100.408809624498,171.5664354074
2017,4,"MARYLAND","UPPER EASTERN SHORE",133.709584054672,102.346491912436,167.691237470401
2017,4,"MARYLAND","WESTERN",122.624650254787,89.8387483719512,157.926379378095
2017,4,"MICHIGAN","CENTRAL",161.812143199872,130.089402295773,195.499506564914
2017,4,"MICHIGAN","EAST CENTRAL",158.469710079965,127.491150834682,189.561729794716
2017,4,"MICHIGAN","NORTHEAST",143.87701690318,110.568007452053,176.673779401479
2017,4,"MICHIGAN","NORTHWEST",133.226144695195,100.565330311521,162.512004373523
2017,4,"MICHIGAN","SOUTH CENTRAL",155.314676953224,120.626766971255,187.982808525618
2017,4,"MICHIGAN","SOUTHEAST",144.659028671828,111.244934287896,178.276183430166
2017,4,"MICHIGAN","SOUTHWEST",143.422664600741,105.06716554154,175.05324748621
2017,4,"MICHIGAN","WEST CENTRAL",141.203428115996,107.028470015552,169.654425562118
2017,4,"MINNESOTA","CENTRAL",165.505693834468,134.119516223961,197.908890712449
2017,4,"MINNESOTA","EAST CENTRAL",144.817631787539,111.065643464667,176.367633752167
2017,4,"MINNESOTA","NORTHWEST",139.87845578056,104.028054501363,175.609409787642
2017,4,"MINNESOTA","SOUTH CENTRAL",194.464824429589,161.163867810553,227.243356079479
2017,4,"MINNESOTA","SOUTHEAST",194.922450051281,161.790384517186,228.333484003385
2017,4,"MINNESOTA","SOUTHWEST",186.762096140538,150.773864561168,219.772574535648
2017,4,"MINNESOTA","WEST CENTRAL",156.381482973025,124.605865397723,190.254844988313
2017,4,"NEBRASKA","CENTRAL",170.55215568704,138.302945644152,200.984622371631
2017,4,"NEBRASKA","EAST",163.935925485312,131.912621984178,195.269084835652
2017,4,"NEBRASKA","NORTH",195.035421707588,154.941002575792,229.463623529444
2017,4,"NEBRASKA","NORTHEAST",163.422291198124,130.814919976977,197.754063466788
2017,4,"NEBRASKA","NORTHWEST",160.526791879626,129.546535384302,190.314847334633
2017,4,"NEBRASKA","SOUTH",192.130416667276,158.495240852353,225.922852165971
2017,4,"NEBRASKA","SOUTHEAST",146.835725882083,111.452291696783,182.352570728287
2017,4,"NEBRASKA","SOUTHWEST",162.497847836997,132.13720603917,195.253616954547
2017,4,"OHIO","CENTRAL",128.917903579257,98.0841733772108,161.766340861347
2017,4,"OHIO","EAST CENTRAL",130.345446787925,95.2251431591462,163.186083641408
2017,4,"OHIO","NORTH CENTRAL",139.546638864191,110.375089349761,169.945449713436
2017,4,"OHIO","NORTHEAST",145.84897410549,114.719508973003,177.517886947599
2017,4,"OHIO","NORTHWEST",139.421311813966,108.479144179341,171.765803580254
2017,4,"OHIO","SOUTH CENTRAL",134.381398427973,101.952081719043,169.283021101261
2017,4,"OHIO","SOUTHEAST",136.312127965962,104.738763146079,165.49871898467
2017,4,"OHIO","SOUTHWEST",136.312140182464,103.592511545403,169.43528025262
2017,4,"OHIO","WEST CENTRAL",143.209392363936,109.558629363258,174.289581530587
2017,4,"SOUTH DAKOTA","CENTRAL",121.10337972166,87.9703383716061,152.464058411022
2017,4,"SOUTH DAKOTA","EAST CENTRAL",154.041307373966,120.617925119977,187.619857768859
2017,4,"SOUTH DAKOTA","NORTH CENTRAL",122.397597698966,92.5647725253623,154.625980121315
2017,4,"SOUTH DAKOTA","NORTHEAST",141.90389339105,110.690238121872,174.526057151002
2017,4,"SOUTH DAKOTA","NORTHWEST",74.4115233993492,38.9382641610413,106.19246586077
2017,4,"SOUTH DAKOTA","SOUTH CENTRAL",69.9592333900364,37.1664105092346,101.842475488537
2017,4,"SOUTH DAKOTA","SOUTHEAST",145.824792244644,114.510233038153,178.374994504749
2017,4,"WISCONSIN","CENTRAL",148.824544896339,117.631543017054,181.764192210008
2017,4,"WISCONSIN","EAST CENTRAL",165.833752292736,132.80643349257,200.263219219871
2017,4,"WISCONSIN","NORTH CENTRAL",143.132359589885,111.206263010317,176.304987602546
2017,4,"WISCONSIN","NORTHEAST",136.180715057387,103.917961916661,170.953647392967
2017,4,"WISCONSIN","NORTHWEST",143.01341683673,107.37098251472,175.860886989767
2017,4,"WISCONSIN","SOUTH CENTRAL",166.450448688614,131.179431613915,198.5463581094
2017,4,"WISCONSIN","SOUTHEAST",143.130480205612,111.366460665172,175.539211513327
2017,4,"WISCONSIN","SOUTHWEST",152.867756136424,118.583796994989,185.351854283372
2017,4,"WISCONSIN","WEST CENTRAL",147.834138305787,112.756742740598,181.631199530563
2018,4,"IOWA","CENTRAL",187.917186950447,154.125406716911,218.914501488933
2018,4,"IOWA","EAST CENTRAL",177.832553163076,144.344948053228,209.497530076773
2018,4,"IOWA","NORTH CENTRAL",176.575421666666,141.759114796099,208.38625185895
2018,4,"IOWA","NORTHEAST",183.062860096133,150.698042979995,216.601310161481
2018,4,"IOWA","NORTHWEST",187.21487513401,154.439344947706,219.007726061097
2018,4,"IOWA","SOUTH CENTRAL",138.534777678264,103.64094829896,173.24981764336
2018,4,"IOWA","SOUTHEAST",158.72801308857,126.76202569893,191.64695397037
2018,4,"IOWA","SOUTHWEST",179.691395634987,139.580746217457,216.783554236749
2018,4,"IOWA","WEST CENTRAL",180.888837986617,149.815846754322,213.851280275111
2017,5,"ILLINOIS","CENTRAL",200.444027578879,169.813678023575,230.233443733411
2017,5,"ILLINOIS","EAST",160.647953953154,124.826734803817,196.932726124281
2017,5,"ILLINOIS","EAST SOUTHEAST",170.144018167221,133.281934034091,212.056763847497
2017,5,"ILLINOIS","NORTHEAST",180.948315666868,144.334329548216,210.778569466264
2017,5,"ILLINOIS","NORTHWEST",203.75797184347,176.544723671995,232.812775565618
2017,5,"ILLINOIS","SOUTHEAST",160.928265559138,124.515633002848,197.058021591918
2017,5,"ILLINOIS","SOUTHWEST",144.200376360878,108.975929744275,179.188067054535
2017,5,"ILLINOIS","WEST",175.627268684703,142.527710669894,209.797542989397
2017,5,"ILLINOIS","WEST SOUTHWEST",166.531858540486,124.398702270233,217.386057833699
2017,5,"IOWA","CENTRAL",173.653363433257,141.941315517218,206.374580038547
2017,5,"IOWA","EAST CENTRAL",196.941548381594,168.381280595178,225.998319736734
2017,5,"IOWA","NORTH CENTRAL",185.728203069244,155.051449631328,216.745679200797
2017,5,"IOWA","NORTHEAST",174.882320965459,144.081696662701,207.280754474921
2017,5,"IOWA","NORTHWEST",211.40553920949,178.46927012035,242.7540567536
2017,5,"IOWA","SOUTH CENTRAL",168.939776483049,132.271268517375,202.615649012364
2017,5,"IOWA","SOUTHEAST",192.51492719505,162.112540814319,222.408777671309
2017,5,"IOWA","SOUTHWEST",174.399810719173,145.144585307762,205.253974195933
2017,5,"IOWA","WEST CENTRAL",180.512728940584,149.877500746585,212.448393766735
2017,5,"KANSAS","CENTRAL",119.123778922675,88.6823695413278,151.209191385745
2017,5,"KANSAS","EAST CENTRAL",103.506666216734,62.1196433237798,142.585616370931
2017,5,"KANSAS","NORTH CENTRAL",149.63651751766,118.674176212791,181.245944350231
2017,5,"KANSAS","NORTHEAST",116.290777729419,81.9968982536834,146.547275778813
2017,5,"KANSAS","NORTHWEST",110.610716775649,79.5647753327833,139.224546657481
2017,5,"KANSAS","SOUTH CENTRAL",151.288186883806,118.045806468748,188.585871394109
2017,5,"KANSAS","SOUTHEAST",93.0188999973355,59.4741674441699,128.201030126995
2017,5,"KANSAS","SOUTHWEST",152.021022748791,124.23878778843,182.687750703719
2017,5,"KANSAS","WEST CENTRAL",111.706632495453,80.244944325465,144.674170500857
2017,5,"MARYLAND","LOWER EASTERN SHORE",147.986133476615,116.643652937653,179.216387528014
2017,5,"MARYLAND","NORTH CENTRAL",147.662673552591,119.573435937226,176.717367980138
2017,5,"MARYLAND","UPPER EASTERN SHORE",164.09105831351,133.805725023644,193.456332467335
2017,5,"MARYLAND","WESTERN",137.1962302174,107.281342441369,165.418961512941
2017,5,"MICHIGAN","CENTRAL",145.201496769441,115.340035375905,175.836284614919
2017,5,"MICHIGAN","EAST CENTRAL",169.41368874069,136.198506159466,199.079404690914
2017,5,"MICHIGAN","NORTHEAST",116.550532318764,88.8291091825514,144.826786644479
2017,5,"MICHIGAN","NORTHWEST",125.112999463374,95.4447237711787,156.395132978071
2017,5,"MICHIGAN","SOUTH CENTRAL",162.656323488044,130.07616453216,193.237863047863
2017,5,"MICHIGAN","SOUTHEAST",164.891620797796,136.469280572606,194.26285397046
2017,5,"MICHIGAN","SOUTHWEST",158.441388456458,130.237836688292,186.646637587708
2017,5,"MICHIGAN","WEST CENTRAL",128.888288483585,96.8377893817245,158.389718672874
2017,5,"MINNESOTA","CENTRAL",177.118299317967,146.742981297723,206.444195342543
2017,5,"MINNESOTA","EAST CENTRAL",150.147815513065,122.987185250044,176.504053917724
2017,5,"MINNESOTA","NORTHWEST",132.721218546737,103.790153822076,167.157591897836
2017,5,"MINNESOTA","SOUTH CENTRAL",195.081913204182,166.412889400804,222.251569946655
2017,5,"MINNESOTA","SOUTHEAST",180.571466237995,147.392005015992,210.456749170783
2017,5,"MINNESOTA","SOUTHWEST",201.392715325543,173.228666509886,229.759533639083
2017,5,"MINNESOTA","WEST CENTRAL",174.417470138481,138.849636139944,204.250947086945
2017,5,"NEBRASKA","CENTRAL",195.140275359502,164.603245906697,224.818141073346
2017,5,"NEBRASKA","EAST",165.595112848836,135.474755243838,196.82099546417
2017,5,"NEBRASKA","NORTH",185.510366739396,156.751600077929,215.199157818852
2017,5,"NEBRASKA","NORTHEAST",169.993054859084,137.87187231271,198.339140911582
2017,5,"NEBRASKA","NORTHWEST",156.614985299129,126.95370078448,189.888767262171
2017,5,"NEBRASKA","SOUTH",182.321749032894,153.721987411928,215.817297625565
2017,5,"NEBRASKA","SOUTHEAST",169.747833650273,137.636601282361,201.060452810883
2017,5,"NEBRASKA","SOUTHWEST",157.854258270198,128.799480836807,189.005219044311
2017,5,"OHIO","CENTRAL",158.59908160468,123.562500373594,194.128974827956
2017,5,"OHIO","EAST CENTRAL",131.998579670509,100.650796459003,160.837806170488
2017,5,"OHIO","NORTH CENTRAL",158.977221836804,126.841737267275,195.194460310681
2017,5,"OHIO","NORTHEAST",139.175513471465,109.652602880054,168.207349846983
2017,5,"OHIO","NORTHWEST",175.211335491411,144.327089690998,206.939279071345
2017,5,"OHIO","SOUTH CENTRAL",144.982976448017,116.722992351484,174.859500274773
2017,5,"OHIO","SOUTHEAST",145.848441577906,117.457988342774,174.629529195097
2017,5,"OHIO","SOUTHWEST",134.714837198292,104.105881293303,168.299298855915
2017,5,"OHIO","WEST CENTRAL",164.681199410652,136.857202119209,192.290031629119
2017,5,"SOUTH DAKOTA","CENTRAL",129.150764062383,95.7659795092957,163.427876994301
2017,5,"SOUTH DAKOTA","EAST CENTRAL",162.319613559471,128.580445678802,192.765279196644
2017,5,"SOUTH DAKOTA","NORTH CENTRAL",143.497955220102,111.58042712272,172.220857249309
2017,5,"SOUTH DAKOTA","NORTHEAST",151.737978953535,107.673352345449,184.436162292907
2017,5,"SOUTH DAKOTA","NORTHWEST",84.9586886314409,49.0462040641329,113.297677081802
2017,5,"SOUTH DAKOTA","SOUTH CENTRAL",100.682327015663,69.2562775011818,132.115854520059
2017,5,"SOUTH DAKOTA","SOUTHEAST",165.428007921182,135.027942679724,197.262695570409
2017,5,"WISCONSIN","CENTRAL",133.720102226087,100.622605723645,164.426547972628
2017,5,"WISCONSIN","EAST CENTRAL",143.234023281619,113.859535822932,174.592580728427
2017,5,"WISCONSIN","NORTH CENTRAL",120.323598765462,88.6339982607499,152.25060250571
2017,5,"WISCONSIN","NORTHEAST",108.369189813503,76.8502457349602,137.642957076105
2017,5,"WISCONSIN","NORTHWEST",117.98371126666,85.4965941626007,152.93265916002
2017,5,"WISCONSIN","SOUTH CENTRAL",156.892275039409,127.757187122618,185.877154930816
2017,5,"WISCONSIN","SOUTHEAST",143.546626285799,110.323767081061,174.789658613832
2017,5,"WISCONSIN","SOUTHWEST",161.039053510921,128.594668577485,192.066115073613
2017,5,"WISCONSIN","WEST CENTRAL",142.942152849872,112.182363243385,173.971213789418
2018,5,"IOWA","CENTRAL",181.716124405842,150.674334427652,211.224504082359
2018,5,"IOWA","EAST CENTRAL",170.212998506236,133.503813063114,201.010871340663
2018,5,"IOWA","NORTH CENTRAL",166.492174743872,136.410675182581,197.374858136377
2018,5,"IOWA","NORTHEAST",169.947422707293,138.840104942144,200.206611076493
2018,5,"IOWA","NORTHWEST",156.274409845698,127.161871337755,190.018674404674
2018,5,"IOWA","SOUTH CENTRAL",158.145537052461,129.941447828404,184.32035439499
2018,5,"IOWA","SOUTHEAST",166.909470462829,135.889664025661,199.536927744733
2018,5,"IOWA","SOUTHWEST",183.761624181963,153.283752228238,211.47513651374
2018,5,"IOWA","WEST CENTRAL",188.463497923377,161.399689094958,216.764937887157
2017,6,"ILLINOIS","CENTRAL",172.869652009219,138.606271754641,205.305898409706
2017,6,"ILLINOIS","EAST",158.173161465224,127.149719799425,188.742984634808
2017,6,"ILLINOIS","EAST SOUTHEAST",163.765160835314,131.80656946459,193.122180789449
2017,6,"ILLINOIS","NORTHEAST",154.02948070595,121.678816301419,188.337663357014
2017,6,"ILLINOIS","NORTHWEST",195.525253512015,162.784459151794,229.500450021699
2017,6,"ILLINOIS","SOUTHEAST",164.376558292228,133.771551044231,195.298053753695
2017,6,"ILLINOIS","SOUTHWEST",146.252607851417,113.924277741817,179.304795904997
2017,6,"ILLINOIS","WEST",165.779723277087,136.62141538977,197.157088834902
2017,6,"ILLINOIS","WEST SOUTHWEST",165.362745486132,134.93215271277,199.175370930412
2017,6,"IOWA","CENTRAL",196.043400161154,162.525385188107,226.327240315375
2017,6,"IOWA","EAST CENTRAL",194.468693809307,164.399085459006,224.204536733004
2017,6,"IOWA","NORTH CENTRAL",194.901928000284,161.834197099582,224.436715823912
2017,6,"IOWA","NORTHEAST",189.586885128836,152.848088333526,222.967552584936
2017,6,"IOWA","NORTHWEST",192.177641956759,159.048636206126,220.901548239925
2017,6,"IOWA","SOUTH CENTRAL",164.033989768233,129.720533736417,192.697513590227
2017,6,"IOWA","SOUTHEAST",177.011531409139,141.987933504207,208.329140991411
2017,6,"IOWA","SOUTHWEST",186.937755799119,157.461239656953,220.893224506972
2017,6,"IOWA","WEST CENTRAL",187.12768011318,154.690178943863,219.16652719523
2017,6,"KANSAS","CENTRAL",121.629956800473,84.9192648363851,157.752844114486
2017,6,"KANSAS","EAST CENTRAL",126.477700599531,91.6598167851673,157.843524660808
2017,6,"KANSAS","NORTH CENTRAL",126.187836373979,90.2687190492407,160.924702483356
2017,6,"KANSAS","NORTHEAST",143.744347810696,109.222107025295,176.795476143415
2017,6,"KANSAS","NORTHWEST",122.292017197623,84.784628038381,167.441184995884
2017,6,"KANSAS","SOUTH CENTRAL",162.509878036994,129.130672061192,196.404217593821
2017,6,"KANSAS","SOUTHEAST",120.876875380737,87.1543485511167,151.292848408246
2017,6,"KANSAS","SOUTHWEST",170.037597251103,136.132127270832,204.714459079975
2017,6,"KANSAS","WEST CENTRAL",122.929848347564,87.7405071662393,164.357786922421
2017,6,"MARYLAND","LOWER EASTERN SHORE",135.270668059124,97.2627493917548,172.543378350638
2017,6,"MARYLAND","NORTH CENTRAL",143.457810806409,115.148019850529,179.227479105544
2017,6,"MARYLAND","UPPER EASTERN SHORE",141.462046497812,107.106365492558,177.165757597807
2017,6,"MARYLAND","WESTERN",130.625300464274,98.3405465643414,163.284209787332
2017,6,"MICHIGAN","CENTRAL",145.800342284766,115.394162745801,174.9608254399
2017,6,"MICHIGAN","EAST CENTRAL",173.307616438838,141.908529209925,201.795484582631
2017,6,"MICHIGAN","NORTHEAST",144.018063003372,105.301206788355,175.955430748126
2017,6,"MICHIGAN","NORTHWEST",139.015293834945,106.270520740653,170.870614683543
2017,6,"MICHIGAN","SOUTH CENTRAL",135.20987880454,106.047747791772,163.45325635435
2017,6,"MICHIGAN","SOUTHEAST",138.519922477466,107.924253171878,169.079074594788
2017,6,"MICHIGAN","SOUTHWEST",139.174647055044,109.091349643401,168.620531615106
2017,6,"MICHIGAN","WEST CENTRAL",132.501862116347,101.330142870688,166.886036653246
2017,6,"MINNESOTA","CENTRAL",146.4771084847,117.638601098473,179.689657096101
2017,6,"MINNESOTA","EAST CENTRAL",133.765350183333,100.015313861862,167.574924321706
2017,6,"MINNESOTA","NORTHWEST",135.715450461488,99.6941382664628,168.093570988274
2017,6,"MINNESOTA","SOUTH CENTRAL",197.828121422899,169.066877092776,227.265644356623
2017,6,"MINNESOTA","SOUTHEAST",172.729172971508,138.979618366415,206.882995929304
2017,6,"MINNESOTA","SOUTHWEST",176.156395400124,139.315416330551,210.294867930595
2017,6,"MINNESOTA","WEST CENTRAL",174.061894509545,140.321580202777,203.82234937001
2017,6,"NEBRASKA","CENTRAL",157.15631483818,116.04107627669,196.723498703246
2017,6,"NEBRASKA","EAST",160.123701529985,123.944988069751,200.344572888087
2017,6,"NEBRASKA","NORTH",161.076946584569,121.63684485958,197.175906528746
2017,6,"NEBRASKA","NORTHEAST",143.190306265031,109.083940468113,180.707339644035
2017,6,"NEBRASKA","NORTHWEST",154.72185605704,118.664953273649,186.806920340616
2017,6,"NEBRASKA","SOUTH",170.564592111765,135.140067301295,200.055339444884
2017,6,"NEBRASKA","SOUTHEAST",150.91838599449,119.944607005264,193.136978361114
2017,6,"NEBRASKA","SOUTHWEST",143.340004292075,100.372347522051,175.774176173359
2017,6,"OHIO","CENTRAL",153.659008556851,122.105733111388,184.526978794837
2017,6,"OHIO","EAST CENTRAL",125.208911814156,91.782658149582,161.313838342214
2017,6,"OHIO","NORTH CENTRAL",146.025563982072,112.321554527005,177.396530022002
2017,6,"OHIO","NORTHEAST",139.701641199305,106.96137548267,167.790833090916
2017,6,"OHIO","NORTHWEST",166.008706042588,136.064113895438,203.111664208003
2017,6,"OHIO","SOUTH CENTRAL",130.864973870021,96.5554758474816,163.642337345233
2017,6,"OHIO","SOUTHEAST",123.855851120797,87.2013824968853,158.893386577569
2017,6,"OHIO","SOUTHWEST",141.748409940932,107.757292956999,177.203325894744
2017,6,"OHIO","WEST CENTRAL",157.671557236474,126.651817364051,188.851380943122
2017,6,"SOUTH DAKOTA","CENTRAL",106.133920110155,71.9076726851204,142.307279398194
2017,6,"SOUTH DAKOTA","EAST CENTRAL",127.548734567098,96.3406185736626,160.311594924728
2017,6,"SOUTH DAKOTA","NORTH CENTRAL",115.452073434135,79.020813759877,147.060988590605
2017,6,"SOUTH DAKOTA","NORTHEAST",158.953315204583,121.190757772186,193.075983938996
2017,6,"SOUTH DAKOTA","NORTHWEST",80.9006542337444,48.2712546029807,110.456085067324
2017,6,"SOUTH DAKOTA","SOUTH CENTRAL",82.1850847902039,44.3644901666869,121.336870437423
2017,6,"SOUTH DAKOTA","SOUTHEAST",128.313988728339,94.2603862569662,161.120347756275
2017,6,"WISCONSIN","CENTRAL",150.989983013454,122.279850874232,184.525230982207
2017,6,"WISCONSIN","EAST CENTRAL",147.138227709689,114.853939286267,180.799041903645
2017,6,"WISCONSIN","NORTH CENTRAL",123.208688169446,91.7789379486607,157.368386449212
2017,6,"WISCONSIN","NORTHEAST",122.542341755296,88.7707356948038,155.671152448393
2017,6,"WISCONSIN","NORTHWEST",125.055953385966,95.1592814215301,156.157003696458
2017,6,"WISCONSIN","SOUTH CENTRAL",166.673798109153,130.904531228067,200.153711290347
2017,6,"WISCONSIN","SOUTHEAST",137.034486127118,105.133517984788,167.377605748347
2017,6,"WISCONSIN","SOUTHWEST",160.053381707849,129.627052564274,191.621423014671
2017,6,"WISCONSIN","WEST CENTRAL",150.801569767165,119.970130495253,184.342957842679
2018,6,"IOWA","CENTRAL",175.19504513266,138.07232086236,209.289702382565
2018,6,"IOWA","EAST CENTRAL",166.742903447956,135.703166092581,198.727496699882
2018,6,"IOWA","NORTH CENTRAL",169.198843519507,136.686424906473,200.999600883773
2018,6,"IOWA","NORTHEAST",178.506312658666,145.840788014111,216.121227237577
2018,6,"IOWA","NORTHWEST",172.442321540493,138.42329231642,202.929836546836
2018,6,"IOWA","SOUTH CENTRAL",137.061927943991,104.38873959031,167.145819054955
2018,6,"IOWA","SOUTHEAST",150.723128823892,122.981042289559,181.04996020088
2018,6,"IOWA","SOUTHWEST",178.467857253202,144.758724907451,208.403717678933
2018,6,"IOWA","WEST CENTRAL",181.984253596375,150.602443384193,213.496995292234
2017,7,"ILLINOIS","CENTRAL",183.63965524187,154.541085240564,211.7667009237
2017,7,"ILLINOIS","EAST",196.726525873029,166.375600954165,227.063680410561
2017,7,"ILLINOIS","EAST SOUTHEAST",159.786862635335,131.88973862159,187.7216339884
2017,7,"ILLINOIS","NORTHEAST",191.478777117322,164.054739363952,220.403253889695
2017,7,"ILLINOIS","NORTHWEST",209.755164689862,180.075739193691,237.034820193848
2017,7,"ILLINOIS","SOUTHEAST",161.785970624874,131.511517100598,191.855182014822
2017,7,"ILLINOIS","SOUTHWEST",136.210574806756,107.806866234471,163.540535538349
2017,7,"ILLINOIS","WEST",180.315368266475,154.483221629416,206.323030072226
2017,7,"ILLINOIS","WEST SOUTHWEST",170.009656019323,135.89326880104,203.845420872308
2017,7,"IOWA","CENTRAL",187.380095511006,156.476348296822,220.933595379067
2017,7,"IOWA","EAST CENTRAL",208.915918957561,179.435295436231,238.973215044762
2017,7,"IOWA","NORTH CENTRAL",191.351509899661,164.363058426732,217.543296946227
2017,7,"IOWA","NORTHEAST",200.173535165247,169.221010350226,228.461910484875
2017,7,"IOWA","NORTHWEST",185.572210654725,151.90584436955,215.631955619875
2017,7,"IOWA","SOUTH CENTRAL",139.200443836084,111.053258557196,167.461856246193
2017,7,"IOWA","SOUTHEAST",164.695061488681,136.979119067864,191.755238585747
2017,7,"IOWA","SOUTHWEST",172.926161492021,144.912521991288,201.135149145644
2017,7,"IOWA","WEST CENTRAL",183.121309402728,153.571888875191,211.509049783049
2017,7,"KANSAS","CENTRAL",119.384827245572,78.6150988589127,161.616170011788
2017,7,"KANSAS","EAST CENTRAL",119.667161510446,88.666209068448,149.699480126294
2017,7,"KANSAS","NORTH CENTRAL",107.103905528181,78.9898453718664,141.623270044034
2017,7,"KANSAS","NORTHEAST",141.951672753196,110.816155837033,171.262221486692
2017,7,"KANSAS","NORTHWEST",106.977554838334,79.0495355620036,135.391997375471
2017,7,"KANSAS","SOUTH CENTRAL",154.07039430438,118.246123998355,190.246571424188
2017,7,"KANSAS","SOUTHEAST",110.913576656976,80.7485729397841,143.213350021334
2017,7,"KANSAS","SOUTHWEST",177.024747154112,142.319216892573,210.690185186285
2017,7,"KANSAS","WEST CENTRAL",119.1817448533,86.8529969030794,155.998345899874
2017,7,"MARYLAND","LOWER EASTERN SHORE",134.485374036574,106.159152676896,162.210612576911
2017,7,"MARYLAND","NORTH CENTRAL",131.336557927491,100.181968329297,159.647052954264
2017,7,"MARYLAND","UPPER EASTERN SHORE",145.525943997248,116.62217073755,173.858351911395
2017,7,"MARYLAND","WESTERN",145.837120143072,118.919420631787,175.864413597328
2017,7,"MICHIGAN","CENTRAL",139.257701427017,112.098988582785,168.730761598552
2017,7,"MICHIGAN","EAST CENTRAL",157.721070325669,131.749292126081,184.9449705752
2017,7,"MICHIGAN","NORTHEAST",135.912523928927,109.253981090528,162.701987239318
2017,7,"MICHIGAN","NORTHWEST",136.102044722698,109.250150840104,162.982617026632
2017,7,"MICHIGAN","SOUTH CENTRAL",170.324632358625,141.018693269032,198.01606277167
2017,7,"MICHIGAN","SOUTHEAST",162.536747867544,132.322043159212,190.606887383713
2017,7,"MICHIGAN","SOUTHWEST",171.535073074075,142.319238153113,199.762311999008
2017,7,"MICHIGAN","WEST CENTRAL",147.409689644677,118.39627638359,177.124536872965
2017,7,"MINNESOTA","CENTRAL",171.684493490135,142.869613019246,199.660411424933
2017,7,"MINNESOTA","EAST CENTRAL",153.546303815861,125.177253526848,181.510612830072
2017,7,"MINNESOTA","NORTHWEST",152.788834800862,124.804016045862,177.85524470765
2017,7,"MINNESOTA","SOUTH CENTRAL",202.818148596961,173.615876757872,231.075773814568
2017,7,"MINNESOTA","SOUTHEAST",185.548541829349,158.613076073029,215.760381691116
2017,7,"MINNESOTA","SOUTHWEST",179.120587852166,145.693966657718,205.991354662982
2017,7,"MINNESOTA","WEST CENTRAL",161.003432799028,129.072756776143,187.602416325007
2017,7,"NEBRASKA","CENTRAL",181.479300170993,154.547555626565,208.539718655934
2017,7,"NEBRASKA","EAST",165.811498215751,130.354394482064,202.225913633048
2017,7,"NEBRASKA","NORTH",171.213030589607,140.31989877428,201.008682201204
2017,7,"NEBRASKA","NORTHEAST",176.010752403483,144.012393134788,203.602038348613
2017,7,"NEBRASKA","NORTHWEST",136.923455715309,109.332170999226,163.632819561284
2017,7,"NEBRASKA","SOUTH",184.294850527189,151.498482515152,213.491074949572
2017,7,"NEBRASKA","SOUTHEAST",151.752923207674,120.862682251101,177.80498263467
2017,7,"NEBRASKA","SOUTHWEST",142.703559189317,103.833420074181,177.283905390873
2017,7,"OHIO","CENTRAL",178.92611031369,150.062575335291,211.252986269679
2017,7,"OHIO","EAST CENTRAL",148.091436835454,115.103447936754,178.509344909846
2017,7,"OHIO","NORTH CENTRAL",183.303710151463,155.069327999187,214.60747283548
2017,7,"OHIO","NORTHEAST",156.556020015823,125.149215972355,189.08409042062
2017,7,"OHIO","NORTHWEST",178.883202786619,148.063201025566,211.028470270422
2017,7,"OHIO","SOUTH CENTRAL",142.68102750618,114.858363745848,167.020792320243
2017,7,"OHIO","SOUTHEAST",150.139056319799,121.912713478674,177.169456106572
2017,7,"OHIO","SOUTHWEST",174.799244820006,143.103952493432,203.42804411581
2017,7,"OHIO","WEST CENTRAL",175.38399012115,145.09739875921,206.439041588699
2017,7,"SOUTH DAKOTA","CENTRAL",125.978696018266,96.2228026383945,154.48051189007
2017,7,"SOUTH DAKOTA","EAST CENTRAL",149.617023701849,120.634564757744,176.351613014108
2017,7,"SOUTH DAKOTA","NORTH CENTRAL",125.681102763516,91.0716093557967,155.350872694597
2017,7,"SOUTH DAKOTA","NORTHEAST",144.108318021288,112.451850612454,174.102857332135
2017,7,"SOUTH DAKOTA","NORTHWEST",75.5965029758915,35.9711161757211,108.810000539336
2017,7,"SOUTH DAKOTA","SOUTH CENTRAL",82.4505812453501,51.2183945909478,110.883092547521
2017,7,"SOUTH DAKOTA","SOUTHEAST",147.91836241538,120.98235217066,173.696670243569
2017,7,"WISCONSIN","CENTRAL",167.540534146949,141.808630172215,196.295735287924
2017,7,"WISCONSIN","EAST CENTRAL",152.544787377178,125.316579586566,181.005616791196
2017,7,"WISCONSIN","NORTH CENTRAL",126.71359430581,94.9889283818554,158.807308740453
2017,7,"WISCONSIN","NORTHEAST",124.364573187831,94.1272308716976,151.486920547153
2017,7,"WISCONSIN","NORTHWEST",146.58678149016,119.229724925183,177.938767119033
2017,7,"WISCONSIN","SOUTH CENTRAL",188.569130635168,157.97727635296,220.417902701686
2017,7,"WISCONSIN","SOUTHEAST",166.443202319795,137.902810124503,192.986345368834
2017,7,"WISCONSIN","SOUTHWEST",174.853648062802,146.364180475145,203.534857897347
2017,7,"WISCONSIN","WEST CENTRAL",164.620580941589,137.712472657349,192.30255407406
2018,7,"IOWA","CENTRAL",206.963579335587,173.525188389892,237.809616016282
2018,7,"IOWA","EAST CENTRAL",208.471347638481,177.570876161621,240.941733040841
2018,7,"IOWA","NORTH CENTRAL",186.551669375689,150.952067174853,216.893411567774
2018,7,"IOWA","NORTHEAST",189.056662617437,161.330786112488,215.302071639971
2018,7,"IOWA","NORTHWEST",189.824917166156,156.028203188088,219.431539898947
2018,7,"IOWA","SOUTH CENTRAL",150.110747560728,114.470810943225,179.941331875818
2018,7,"IOWA","SOUTHEAST",181.76661000611,147.670874054176,210.392187537687
2018,7,"IOWA","SOUTHWEST",180.575980966718,142.79084218441,211.787659985859
2018,7,"IOWA","WEST CENTRAL",196.636467684522,164.483542442676,224.771039309486
2017,8,"ILLINOIS","CENTRAL",182.184143047968,157.481179038805,204.854803114785
2017,8,"ILLINOIS","EAST",191.959147906652,167.594231622202,218.733497413747
2017,8,"ILLINOIS","EAST SOUTHEAST",143.551948560647,119.444777985304,169.265047633652
2017,8,"ILLINOIS","NORTHEAST",178.248135199532,153.333145894975,204.779479787355
2017,8,"ILLINOIS","NORTHWEST",180.454867845265,156.205170597879,206.018672775636
2017,8,"ILLINOIS","SOUTHEAST",126.906657632562,100.667918558432,156.208392968173
2017,8,"ILLINOIS","SOUTHWEST",116.087554964839,90.8239684451746,143.367929294599
2017,8,"ILLINOIS","WEST",174.633134023486,147.636999431602,198.369606670956
2017,8,"ILLINOIS","WEST SOUTHWEST",171.883579727782,141.731982491425,198.93691787236
2017,8,"IOWA","CENTRAL",163.33615967477,137.101438911339,188.363332483826
2017,8,"IOWA","EAST CENTRAL",177.287510186889,150.748281014265,203.837019244165
2017,8,"IOWA","NORTH CENTRAL",192.658363971321,167.655631549918,221.481424610119
2017,8,"IOWA","NORTHEAST",170.648286898428,142.275847793506,198.887701745224
2017,8,"IOWA","NORTHWEST",196.507007118258,167.343631183275,224.434211394673
2017,8,"IOWA","SOUTH CENTRAL",152.239284706353,126.264205401216,178.22250866056
2017,8,"IOWA","SOUTHEAST",166.135051209653,142.103402641121,191.146508886044
2017,8,"IOWA","SOUTHWEST",186.168109253529,161.784055834757,210.554490255598
2017,8,"IOWA","WEST CENTRAL",173.425760265393,146.806318980476,198.547365499105
2017,8,"KANSAS","CENTRAL",111.667407280612,86.0679795572487,135.473059089443
2017,8,"KANSAS","EAST CENTRAL",112.374228816312,83.5651098149928,138.83620331582
2017,8,"KANSAS","NORTH CENTRAL",110.417026454082,87.4709376930458,135.085529408096
2017,8,"KANSAS","NORTHEAST",141.995475097897,115.366213155741,169.474616029483
2017,8,"KANSAS","NORTHWEST",120.356184477649,92.5293986121272,146.349800300035
2017,8,"KANSAS","SOUTH CENTRAL",140.254948855168,116.048201106313,168.490143199309
2017,8,"KANSAS","SOUTHEAST",123.423028028883,94.6110439825647,148.88995176135
2017,8,"KANSAS","SOUTHWEST",178.751313896535,146.187336394079,209.868739202874
2017,8,"KANSAS","WEST CENTRAL",110.921923998069,84.519251368279,137.086932987664
2017,8,"MARYLAND","LOWER EASTERN SHORE",158.869610695714,126.425552415155,188.012212308146
2017,8,"MARYLAND","NORTH CENTRAL",162.272279353295,125.252325187691,190.466957667405
2017,8,"MARYLAND","UPPER EASTERN SHORE",173.289447183283,144.390808060184,198.863807149076
2017,8,"MARYLAND","WESTERN",151.045805901704,120.196834500172,176.665052542652
2017,8,"MICHIGAN","CENTRAL",139.837647034857,109.847404393881,169.066931860177
2017,8,"MICHIGAN","EAST CENTRAL",145.156629469992,116.359430996429,175.012089270029
2017,8,"MICHIGAN","NORTHEAST",123.051496215114,95.4355801993211,153.434793664892
2017,8,"MICHIGAN","NORTHWEST",103.259642858293,76.7373699400985,132.172608937621
2017,8,"MICHIGAN","SOUTH CENTRAL",177.074086329407,153.819224804389,200.837728078954
2017,8,"MICHIGAN","SOUTHEAST",144.276937336403,121.563928280981,169.057500814256
2017,8,"MICHIGAN","SOUTHWEST",166.118719775372,141.353194973241,190.681850207936
2017,8,"MICHIGAN","WEST CENTRAL",140.994683425058,114.147364171017,172.994818000899
2017,8,"MINNESOTA","CENTRAL",162.196175801843,134.272664798961,192.259898918353
2017,8,"MINNESOTA","EAST CENTRAL",137.007719063775,109.957361907796,163.843379074139
2017,8,"MINNESOTA","NORTHWEST",121.843753827689,93.8350337565578,148.281595289675
2017,8,"MINNESOTA","SOUTH CENTRAL",186.611999589025,160.970397828709,211.577219754698
2017,8,"MINNESOTA","SOUTHEAST",162.536059996269,133.232434617968,189.894954339885
2017,8,"MINNESOTA","SOUTHWEST",166.800208883673,132.945093672404,194.669165479213
2017,8,"MINNESOTA","WEST CENTRAL",152.748577445164,126.535328114653,179.840945514289
2017,8,"NEBRASKA","CENTRAL",198.21191346193,171.313962086235,224.915188599228
2017,8,"NEBRASKA","EAST",182.437820166215,153.939011052626,208.535861053595
2017,8,"NEBRASKA","NORTH",185.345597987244,157.773946306445,209.704174005848
2017,8,"NEBRASKA","NORTHEAST",193.336685025197,165.220554835489,219.824455700969
2017,8,"NEBRASKA","NORTHWEST",151.602010864223,126.528453860246,176.245151666345
2017,8,"NEBRASKA","SOUTH",178.547614346769,149.763437879752,205.047622158933
2017,8,"NEBRASKA","SOUTHEAST",158.541883079662,129.169798961519,184.710001985833
2017,8,"NEBRASKA","SOUTHWEST",140.893031957465,115.911296667667,164.30961610502
2017,8,"OHIO","CENTRAL",166.633910463893,138.660956893459,193.793065374533
2017,8,"OHIO","EAST CENTRAL",148.86867782269,124.021391278265,174.300373525332
2017,8,"OHIO","NORTH CENTRAL",161.114894816418,130.141369218942,193.344290304929
2017,8,"OHIO","NORTHEAST",148.561916390416,123.232055108623,175.550853181024
2017,8,"OHIO","NORTHWEST",162.901065079167,137.16349740639,190.317595220406
2017,8,"OHIO","SOUTH CENTRAL",152.645526222789,126.208951146414,177.987475581219
2017,8,"OHIO","SOUTHEAST",159.900965676616,134.528203183637,186.379565770369
2017,8,"OHIO","SOUTHWEST",154.472069103531,128.919555275382,178.343493697535
2017,8,"OHIO","WEST CENTRAL",162.928103192576,137.61974510867,186.462701976528
2017,8,"SOUTH DAKOTA","CENTRAL",152.727314168988,123.32891025851,178.8394004033
2017,8,"SOUTH DAKOTA","EAST CENTRAL",161.154352132973,132.000564046652,188.254148490734
2017,8,"SOUTH DAKOTA","NORTH CENTRAL",137.173838136962,106.220667018731,164.473779581544
2017,8,"SOUTH DAKOTA","NORTHEAST",132.373704854862,100.925184708956,160.247116398259
2017,8,"SOUTH DAKOTA","NORTHWEST",74.1792808714863,45.8697528570052,100.685265753128
2017,8,"SOUTH DAKOTA","SOUTH CENTRAL",85.0390473109742,57.9791696037911,116.233586301822
2017,8,"SOUTH DAKOTA","SOUTHEAST",176.993887256641,150.528015105311,201.022108658487
2017,8,"WISCONSIN","CENTRAL",116.157656863078,89.6758046909147,142.797589577197
2017,8,"WISCONSIN","EAST CENTRAL",126.522990044333,97.3034776907701,152.686535808446
2017,8,"WISCONSIN","NORTH CENTRAL",108.406656928624,73.6336278825177,148.902692298865
2017,8,"WISCONSIN","NORTHEAST",115.354190696766,88.3239245234054,141.723900616435
2017,8,"WISCONSIN","NORTHWEST",120.874896942332,86.1700594294124,157.661217075998
2017,8,"WISCONSIN","SOUTH CENTRAL",162.582801677887,133.789222725909,191.877536879301
2017,8,"WISCONSIN","SOUTHEAST",144.007706877714,113.513218830534,172.54507638877
2017,8,"WISCONSIN","SOUTHWEST",146.114600313894,119.131510972651,176.342953331116
2017,8,"WISCONSIN","WEST CENTRAL",132.331418601783,106.284364852913,159.498456884496
2018,8,"IOWA","CENTRAL",186.595059415467,158.183168043541,217.593876262268
2018,8,"IOWA","EAST CENTRAL",185.763330305442,154.438708583237,220.666253824553
2018,8,"IOWA","NORTH CENTRAL",179.718932995221,153.289164531449,205.661718665115
2018,8,"IOWA","NORTHEAST",184.107754054793,151.846796151343,213.310946492836
2018,8,"IOWA","NORTHWEST",189.248899183591,161.35558651208,217.377420365121
2018,8,"IOWA","SOUTH CENTRAL",135.851404272028,112.311272590228,161.276337200715
2018,8,"IOWA","SOUTHEAST",165.022576067751,137.696426585233,193.595403732325
2018,8,"IOWA","SOUTHWEST",176.196522164324,151.103021683909,210.098792328555
2018,8,"IOWA","WEST CENTRAL",190.882541383696,164.451830713943,228.132388981061
2017,9,"ILLINOIS","CENTRAL",185.341662257366,159.235102568458,213.054459540729
2017,9,"ILLINOIS","EAST",175.242082383811,147.818300378145,206.261329964633
2017,9,"ILLINOIS","EAST SOUTHEAST",159.001330837747,130.208146669215,185.987180162287
2017,9,"ILLINOIS","NORTHEAST",172.16776628516,145.80174029211,197.773774712606
2017,9,"ILLINOIS","NORTHWEST",191.084280092195,161.820889802488,221.389510900559
2017,9,"ILLINOIS","SOUTHEAST",157.871970955081,128.047430020502,185.467869880945
2017,9,"ILLINOIS","SOUTHWEST",160.620134050106,121.103858273805,190.276316280181
2017,9,"ILLINOIS","WEST",194.233716097955,161.872722852892,220.584101565748
2017,9,"ILLINOIS","WEST SOUTHWEST",173.573988929973,144.451057015369,199.768338167828
2017,9,"IOWA","CENTRAL",193.156758810884,161.78013829178,216.476416381282
2017,9,"IOWA","EAST CENTRAL",189.329519231005,163.847090618265,215.713952069208
2017,9,"IOWA","NORTH CENTRAL",190.301438140519,159.920886603059,215.335455420757
2017,9,"IOWA","NORTHEAST",185.352757194792,153.942711194766,211.32189846211
2017,9,"IOWA","NORTHWEST",190.84430512443,166.6632062873,216.012481521733
2017,9,"IOWA","SOUTH CENTRAL",142.830204127284,118.498518451857,167.214288221787
2017,9,"IOWA","SOUTHEAST",165.55425429855,140.084888063925,190.868659384551
2017,9,"IOWA","SOUTHWEST",198.403680258032,174.369274048543,223.7130578641
2017,9,"IOWA","WEST CENTRAL",190.097562058964,142.715751341133,217.116338025925
2017,9,"KANSAS","CENTRAL",116.896028335712,86.1637615728236,146.690881465232
2017,9,"KANSAS","EAST CENTRAL",130.432071952156,101.859287139973,158.02663326396
2017,9,"KANSAS","NORTH CENTRAL",120.714507745608,93.0571705242056,144.895649197061
2017,9,"KANSAS","NORTHEAST",155.221283689818,129.778125178631,178.697981563601
2017,9,"KANSAS","NORTHWEST",126.811498635449,101.703102711774,151.040760180538
2017,9,"KANSAS","SOUTH CENTRAL",160.896134438537,131.060579066736,187.763994746087
2017,9,"KANSAS","SOUTHEAST",134.051832488481,106.525892665759,160.250980757077
2017,9,"KANSAS","SOUTHWEST",204.084551646356,159.818498778387,237.146374217763
2017,9,"KANSAS","WEST CENTRAL",115.948663581598,91.4477474364954,142.402484079324
2017,9,"MARYLAND","LOWER EASTERN SHORE",156.129651069671,131.739099997624,184.721211399904
2017,9,"MARYLAND","NORTH CENTRAL",154.727681780974,130.343474151428,180.4519116553
2017,9,"MARYLAND","UPPER EASTERN SHORE",164.788484978278,138.371276168629,189.1773648901
2017,9,"MARYLAND","WESTERN",148.421655361663,122.356858936699,173.379102498177
2017,9,"MICHIGAN","CENTRAL",139.293196329574,105.676724394899,166.591709335159
2017,9,"MICHIGAN","EAST CENTRAL",155.572320973612,120.087245009163,185.117786004984
2017,9,"MICHIGAN","NORTHEAST",129.655367613707,98.2533725721738,155.822079869432
2017,9,"MICHIGAN","NORTHWEST",114.452933812156,86.1059392067739,139.588835284112
2017,9,"MICHIGAN","SOUTH CENTRAL",167.33323289378,142.803820351534,192.840403756159
2017,9,"MICHIGAN","SOUTHEAST",154.226006254188,128.850450848694,180.747451818775
2017,9,"MICHIGAN","SOUTHWEST",160.014852354122,131.625782994795,183.829553546481
2017,9,"MICHIGAN","WEST CENTRAL",141.514800287293,108.855698577392,169.494864121212
2017,9,"MINNESOTA","CENTRAL",160.827180179808,136.231482957485,185.261018328846
2017,9,"MINNESOTA","EAST CENTRAL",134.826870349449,107.994655847242,160.17007874701
2017,9,"MINNESOTA","NORTHWEST",125.944901116838,95.3965991592596,155.07400564276
2017,9,"MINNESOTA","SOUTH CENTRAL",185.908343253261,157.03748542928,213.123968155028
2017,9,"MINNESOTA","SOUTHEAST",177.655984056696,144.698806726603,204.900666893006
2017,9,"MINNESOTA","SOUTHWEST",179.986490474069,150.221740232871,205.97739813335
2017,9,"MINNESOTA","WEST CENTRAL",152.729803485105,124.058016132543,178.97016231105
2017,9,"NEBRASKA","CENTRAL",185.033278838868,158.428344628405,216.604357575709
2017,9,"NEBRASKA","EAST",188.338162679864,161.463587168572,214.981955892454
2017,9,"NEBRASKA","NORTH",175.301443985406,143.914062935389,205.832193888108
2017,9,"NEBRASKA","NORTHEAST",175.145406921294,148.765218232099,200.328493900432
2017,9,"NEBRASKA","NORTHWEST",133.127599466189,104.988429745579,160.477448297144
2017,9,"NEBRASKA","SOUTH",194.953811227281,163.969485427883,221.656742425998
2017,9,"NEBRASKA","SOUTHEAST",188.474650741602,151.106352872274,216.714301771221
2017,9,"NEBRASKA","SOUTHWEST",135.273507493698,107.8831118083,162.854158478583
2017,9,"OHIO","CENTRAL",170.007861303108,141.315728749186,195.097131639938
2017,9,"OHIO","EAST CENTRAL",143.035506477273,116.624377598369,172.434841910219
2017,9,"OHIO","NORTH CENTRAL",156.257196846779,129.948398545788,183.408525620096
2017,9,"OHIO","NORTHEAST",146.259501588729,120.216808022468,172.764364003002
2017,9,"OHIO","NORTHWEST",166.984108326418,139.095482335182,193.136143566452
2017,9,"OHIO","SOUTH CENTRAL",151.976999633991,128.637196276968,177.94410505594
2017,9,"OHIO","SOUTHEAST",149.226090818336,123.767250772831,173.620770014507
2017,9,"OHIO","SOUTHWEST",149.49916181985,122.930175626602,175.763204784702
2017,9,"OHIO","WEST CENTRAL",171.396735289269,144.965987577549,195.808104370573
2017,9,"SOUTH DAKOTA","CENTRAL",122.094707028558,93.7723310422391,147.989258243629
2017,9,"SOUTH DAKOTA","EAST CENTRAL",168.047348809202,142.665822480484,195.335043093391
2017,9,"SOUTH DAKOTA","NORTH CENTRAL",129.977845268339,96.4909725503546,158.352754704876
2017,9,"SOUTH DAKOTA","NORTHEAST",127.650546513911,101.253856511684,153.03292073189
2017,9,"SOUTH DAKOTA","NORTHWEST",79.1576236009943,51.1014532240875,109.675122914583
2017,9,"SOUTH DAKOTA","SOUTH CENTRAL",85.3315910188787,57.3357057987962,114.470857621841
2017,9,"SOUTH DAKOTA","SOUTHEAST",162.648671139534,135.999632104525,190.743830128844
2017,9,"WISCONSIN","CENTRAL",126.3559381157,97.7320427471244,155.416436089468
2017,9,"WISCONSIN","EAST CENTRAL",139.089534523679,113.297313845781,164.657123637799
2017,9,"WISCONSIN","NORTH CENTRAL",115.344224602137,87.547860616836,144.60621426221
2017,9,"WISCONSIN","NORTHEAST",111.400160254438,80.5670112347946,138.240516097388
2017,9,"WISCONSIN","NORTHWEST",125.206908890695,94.9282282634154,153.216213784399
2017,9,"WISCONSIN","SOUTH CENTRAL",174.114939165809,146.665228093149,202.800859614117
2017,9,"WISCONSIN","SOUTHEAST",138.678403839719,110.599662570524,171.168379888617
2017,9,"WISCONSIN","SOUTHWEST",152.184718329181,112.536588556207,186.341574032301
2017,9,"WISCONSIN","WEST CENTRAL",136.34152532558,103.701581225301,164.331397287296
2018,9,"IOWA","CENTRAL",178.609045711101,153.230600710646,209.579216324411
2018,9,"IOWA","EAST CENTRAL",178.941848245702,152.09021110319,211.771945237554
2018,9,"IOWA","NORTH CENTRAL",178.294566929699,151.3108524082,206.346825529778
2018,9,"IOWA","NORTHEAST",178.86548736276,153.140164361894,204.256077765059
2018,9,"IOWA","NORTHWEST",178.681566639493,153.489682342414,205.939418424371
2018,9,"IOWA","SOUTH CENTRAL",126.206263275979,101.071319105479,152.396126747481
2018,9,"IOWA","SOUTHEAST",159.381532110495,134.43200946086,187.603993639474
2018,9,"IOWA","SOUTHWEST",180.544094200607,156.339241917191,205.832302798652
2018,9,"IOWA","WEST CENTRAL",181.315838028016,157.820507705738,207.574082350196
2017,10,"ILLINOIS","CENTRAL",189.744001051384,161.091331980244,215.223539028818
2017,10,"ILLINOIS","EAST",185.619144182044,159.786537204358,212.66182772036
2017,10,"ILLINOIS","EAST SOUTHEAST",163.177668334543,136.424508219649,188.752013290479
2017,10,"ILLINOIS","NORTHEAST",177.093114678643,151.441164822587,203.825108301515
2017,10,"ILLINOIS","NORTHWEST",198.208177815815,171.470215032829,223.591628612734
2017,10,"ILLINOIS","SOUTHEAST",172.630240312829,144.800321102327,198.670347668037
2017,10,"ILLINOIS","SOUTHWEST",159.834351679406,129.995689181252,185.332234448008
2017,10,"ILLINOIS","WEST",186.087300432123,162.378351105665,210.577720817702
2017,10,"ILLINOIS","WEST SOUTHWEST",192.582398327578,167.644547893638,219.046591999934
2017,10,"IOWA","CENTRAL",185.128380194624,157.253854383742,209.844472458224
2017,10,"IOWA","EAST CENTRAL",189.193085956289,162.408642600028,212.669907691398
2017,10,"IOWA","NORTH CENTRAL",194.325821636797,164.849000415153,219.668333722306
2017,10,"IOWA","NORTHEAST",186.578822014648,159.278368546619,211.834787045203
2017,10,"IOWA","NORTHWEST",180.734600926021,152.214355901912,205.362035923302
2017,10,"IOWA","SOUTH CENTRAL",151.642088894676,124.398419921624,183.115279884638
2017,10,"IOWA","SOUTHEAST",164.109743077186,137.482563024744,192.045773602431
2017,10,"IOWA","SOUTHWEST",187.139013074341,159.671777882774,214.135026020472
2017,10,"IOWA","WEST CENTRAL",180.409913879042,153.443369843936,204.890078946604
2017,10,"KANSAS","CENTRAL",123.138125990554,93.9756200500759,156.49444602977
2017,10,"KANSAS","EAST CENTRAL",138.415830306922,112.313179446581,164.390644493341
2017,10,"KANSAS","NORTH CENTRAL",138.21304628589,104.254774125879,164.060935031131
2017,10,"KANSAS","NORTHEAST",137.440675751264,109.088705688772,162.420076435676
2017,10,"KANSAS","NORTHWEST",123.274976945184,93.894676062499,149.333682165435
2017,10,"KANSAS","SOUTH CENTRAL",146.540400439623,119.249030928916,177.064510638676
2017,10,"KANSAS","SOUTHEAST",138.864017754255,112.735858916258,164.927897299603
2017,10,"KANSAS","SOUTHWEST",182.945152089669,156.340771424354,210.242125484577
2017,10,"KANSAS","WEST CENTRAL",130.860371110939,103.889508462412,159.211878997008
2017,10,"MARYLAND","LOWER EASTERN SHORE",148.33938252206,120.727206994521,175.961416104405
2017,10,"MARYLAND","NORTH CENTRAL",143.314896025036,117.451820508953,169.406579375913
2017,10,"MARYLAND","UPPER EASTERN SHORE",152.54545440647,126.434314149215,179.297234373055
2017,10,"MARYLAND","WESTERN",158.337871559174,130.293204068196,184.690565454975
2017,10,"MICHIGAN","CENTRAL",138.377539456378,111.631678783951,164.373689708234
2017,10,"MICHIGAN","EAST CENTRAL",154.390809871058,125.399123755338,181.312444341461
2017,10,"MICHIGAN","NORTHEAST",126.281336032834,98.9544365492839,153.711405548295
2017,10,"MICHIGAN","NORTHWEST",107.590233722106,74.8343939396977,141.157829431471
2017,10,"MICHIGAN","SOUTH CENTRAL",160.238385928215,136.283486520101,185.545341418874
2017,10,"MICHIGAN","SOUTHEAST",156.016243177106,128.259094507315,179.474445708841
2017,10,"MICHIGAN","SOUTHWEST",163.0697833941,133.529994970439,189.572540044283
2017,10,"MICHIGAN","WEST CENTRAL",114.862278602494,85.3779468556007,143.40992202189
2017,10,"MINNESOTA","CENTRAL",166.537255684729,136.508546823956,193.846583842843
2017,10,"MINNESOTA","EAST CENTRAL",134.3066034583,104.867042516733,165.244601654767
2017,10,"MINNESOTA","NORTHWEST",135.26149033784,106.279584710007,169.519320132254
2017,10,"MINNESOTA","SOUTH CENTRAL",191.419345158227,163.029189545579,216.454290227841
2017,10,"MINNESOTA","SOUTHEAST",186.582255791968,159.644124997923,210.49833177057
2017,10,"MINNESOTA","SOUTHWEST",179.114548610164,150.156062364726,208.112838474525
2017,10,"MINNESOTA","WEST CENTRAL",159.426597715988,128.74695050957,192.046802445042
2017,10,"NEBRASKA","CENTRAL",199.757470663707,166.862606125038,226.339835547978
2017,10,"NEBRASKA","EAST",183.648352570476,158.344410418204,209.424760391219
2017,10,"NEBRASKA","NORTH",177.774542038775,150.088929904301,202.697581242225
2017,10,"NEBRASKA","NORTHEAST",161.067845788775,134.117132557177,190.775552868188
2017,10,"NEBRASKA","NORTHWEST",151.885345192992,123.846518201867,179.685617367951
2017,10,"NEBRASKA","SOUTH",177.215143868899,148.329075713137,202.70272692539
2017,10,"NEBRASKA","SOUTHEAST",179.654396431035,154.049991051316,211.795251313795
2017,10,"NEBRASKA","SOUTHWEST",141.164150735713,109.976211040216,171.40208267451
2017,10,"OHIO","CENTRAL",170.606831983679,143.957710721831,196.105911958896
2017,10,"OHIO","EAST CENTRAL",150.395974120776,120.483762392545,177.84837216315
2017,10,"OHIO","NORTH CENTRAL",167.399962817287,139.386237241215,193.525746956416
2017,10,"OHIO","NORTHEAST",150.21196372047,121.920526089987,178.560350086555
2017,10,"OHIO","NORTHWEST",163.82797718228,130.730731818394,194.140389648174
2017,10,"OHIO","SOUTH CENTRAL",153.818198867898,126.393089879147,180.636905599255
2017,10,"OHIO","SOUTHEAST",148.360349126814,117.685898014956,173.946210495324
2017,10,"OHIO","SOUTHWEST",153.835952025269,126.718242536518,180.499074657566
2017,10,"OHIO","WEST CENTRAL",166.254617024779,142.456755657865,192.751712486154
2017,10,"SOUTH DAKOTA","CENTRAL",137.62551985246,98.7464709185218,168.47857282039
2017,10,"SOUTH DAKOTA","EAST CENTRAL",157.491410427363,127.881721937915,187.004529513245
2017,10,"SOUTH DAKOTA","NORTH CENTRAL",155.51330291124,121.216521321847,183.359253765163
2017,10,"SOUTH DAKOTA","NORTHEAST",143.273024322985,115.470042169381,171.645213823524
2017,10,"SOUTH DAKOTA","NORTHWEST",86.9308595461398,58.4681984172588,116.038103959143
2017,10,"SOUTH DAKOTA","SOUTH CENTRAL",96.0569907053595,63.7244908906489,126.886523254541
2017,10,"SOUTH DAKOTA","SOUTHEAST",165.354540617147,139.503731388397,191.314469191986
2017,10,"WISCONSIN","CENTRAL",131.195527649103,103.862641417704,159.153499584982
2017,10,"WISCONSIN","EAST CENTRAL",132.640461806577,103.108193495048,163.315584237564
2017,10,"WISCONSIN","NORTH CENTRAL",137.256401088329,109.489585703026,160.747020345615
2017,10,"WISCONSIN","NORTHEAST",126.490585264943,98.0602463378404,149.727847653403
2017,10,"WISCONSIN","NORTHWEST",140.379617794183,115.302380645024,165.954558647147
2017,10,"WISCONSIN","SOUTH CENTRAL",177.229146614493,147.234512254281,205.944026835853
2017,10,"WISCONSIN","SOUTHEAST",153.695173270041,129.106904257914,179.673948218168
2017,10,"WISCONSIN","SOUTHWEST",162.576343578688,133.035081454647,190.019811106529
2017,10,"WISCONSIN","WEST CENTRAL",139.011670975344,109.079209366111,168.551469028266
2018,10,"IOWA","CENTRAL",191.019022660794,165.047134295255,216.976777803527
2018,10,"IOWA","EAST CENTRAL",187.109438077102,162.243242599934,212.102320032902
2018,10,"IOWA","NORTH CENTRAL",191.034733043904,163.805500561432,217.074883317552
2018,10,"IOWA","NORTHEAST",186.81424813495,159.642642443284,214.63697166687
2018,10,"IOWA","NORTHWEST",188.973655882066,162.744511402789,212.597974538369
2018,10,"IOWA","SOUTH CENTRAL",118.26166694763,84.2929784071178,152.0134053282
2018,10,"IOWA","SOUTHEAST",160.647906790335,133.553301186698,190.527236078106
2018,10,"IOWA","SOUTHWEST",182.487703158436,156.445073643808,210.942199192362
2018,10,"IOWA","WEST CENTRAL",183.512485126873,158.25546577751,209.050399041333
